{"cameraMode":{"drawMode":0,"name":"Shaded","section":"Shading Mode"},"sceneLighting":false,"audioPlay":false,"sceneViewState":{"m_AlwaysRefresh":false,"showFog":true,"showSkybox":false,"showFlares":true,"showImageEffects":true,"showParticleSystems":true,"showVisualEffectGraphs":true,"m_FxEnabled":true},"in2DMode":false,"pivot":{"x":-0.07331275939941406,"y":0.178268164396286,"z":0.023510053753852845},"rotation":{"x":0.22113506495952607,"y":-0.6687551736831665,"z":0.2190243899822235,"w":0.6752012968063355},"size":0.3530283272266388,"orthographic":false}