{"cameraMode":{"drawMode":0,"name":"Shaded","section":"Shading Mode"},"sceneLighting":false,"audioPlay":false,"sceneViewState":{"m_AlwaysRefresh":false,"showFog":true,"showSkybox":false,"showFlares":true,"showImageEffects":true,"showParticleSystems":true,"showVisualEffectGraphs":true,"m_FxEnabled":false},"in2DMode":false,"pivot":{"x":0.08469754457473755,"y":0.31161850690841677,"z":-0.031054437160491945},"rotation":{"x":-0.26610952615737917,"y":-0.49881812930107119,"z":0.16417363286018372,"w":-0.8083786964416504},"size":0.5568212270736694,"orthographic":false}