{"cameraMode":{"drawMode":0,"name":"Shaded","section":"Shading Mode"},"sceneLighting":false,"audioPlay":false,"sceneViewState":{"m_AlwaysRefresh":false,"showFog":true,"showSkybox":false,"showFlares":true,"showImageEffects":true,"showParticleSystems":true,"showVisualEffectGraphs":true,"m_FxEnabled":false},"in2DMode":false,"pivot":{"x":0.00027433037757873535,"y":0.04316028207540512,"z":-0.00019607692956924438},"rotation":{"x":-0.3060930669307709,"y":-0.4578658938407898,"z":0.17153646051883698,"w":-0.816886842250824},"size":0.08862988650798798,"orthographic":false}