{"cameraMode":{"drawMode":0,"name":"Shaded","section":"Shading Mode"},"sceneLighting":false,"audioPlay":false,"sceneViewState":{"m_AlwaysRefresh":false,"showFog":true,"showSkybox":false,"showFlares":true,"showImageEffects":true,"showParticleSystems":true,"showVisualEffectGraphs":true,"m_FxEnabled":true},"in2DMode":false,"pivot":{"x":0.181756854057312,"y":-1.8220338821411133,"z":-0.0760769248008728},"rotation":{"x":-0.09556727111339569,"y":-0.8945176005363464,"z":-0.23038780689239503,"w":0.37113580107688906},"size":0.8660283088684082,"orthographic":false}