{"cameraMode":{"drawMode":0,"name":"Shaded","section":"Shading Mode"},"sceneLighting":false,"audioPlay":false,"sceneViewState":{"m_AlwaysRefresh":false,"showFog":true,"showSkybox":false,"showFlares":true,"showImageEffects":true,"showParticleSystems":true,"showVisualEffectGraphs":true,"m_FxEnabled":false},"in2DMode":false,"pivot":{"x":-0.22574925422668458,"y":0.7257776856422424,"z":-0.11069095134735108},"rotation":{"x":-0.07238436490297318,"y":-0.47681644558906557,"z":0.03939315676689148,"w":-0.8751680850982666},"size":0.6218580007553101,"orthographic":false}