{"cameraMode":{"drawMode":0,"name":"Shaded","section":"Shading Mode"},"sceneLighting":false,"audioPlay":false,"sceneViewState":{"m_AlwaysRefresh":false,"showFog":true,"showSkybox":false,"showFlares":true,"showImageEffects":true,"showParticleSystems":true,"showVisualEffectGraphs":true,"m_FxEnabled":false},"in2DMode":false,"pivot":{"x":-0.11795705556869507,"y":0.3477512001991272,"z":0.4298362135887146},"rotation":{"x":-0.2127896398305893,"y":-0.5812584757804871,"z":0.16084426641464234,"w":-0.7687992453575134},"size":0.3922213017940521,"orthographic":false}