{"cameraMode":{"drawMode":0,"name":"Shaded","section":"Shading Mode"},"sceneLighting":false,"audioPlay":false,"sceneViewState":{"m_AlwaysRefresh":false,"showFog":true,"showSkybox":false,"showFlares":true,"showImageEffects":true,"showParticleSystems":true,"showVisualEffectGraphs":true,"m_FxEnabled":false},"in2DMode":false,"pivot":{"x":0.008523926138877869,"y":0.2964797616004944,"z":0.002682596445083618},"rotation":{"x":-0.29403749108314516,"y":-0.4532189965248108,"z":0.16131813824176789,"w":-0.8259380459785461},"size":0.3993896245956421,"orthographic":false}