{"cameraMode":{"drawMode":0,"name":"Shaded","section":"Shading Mode"},"sceneLighting":false,"audioPlay":false,"sceneViewState":{"m_AlwaysRefresh":false,"showFog":true,"showSkybox":false,"showFlares":true,"showImageEffects":true,"showParticleSystems":true,"showVisualEffectGraphs":true,"m_FxEnabled":false},"in2DMode":false,"pivot":{"x":0.0294630229473114,"y":0.17141422629356385,"z":0.00823374092578888},"rotation":{"x":-0.2567754089832306,"y":-0.4660779535770416,"z":0.14338475465774537,"w":-0.8344712257385254},"size":0.24077031016349793,"orthographic":false}