{"cameraMode":{"drawMode":0,"name":"Shaded","section":"Shading Mode"},"sceneLighting":false,"audioPlay":false,"sceneViewState":{"m_AlwaysRefresh":false,"showFog":true,"showSkybox":false,"showFlares":true,"showImageEffects":true,"showParticleSystems":true,"showVisualEffectGraphs":true,"m_FxEnabled":false},"in2DMode":false,"pivot":{"x":-0.5504440069198608,"y":0.15200622379779817,"z":-0.5273388028144836},"rotation":{"x":-0.08298362791538239,"y":-0.3433104157447815,"z":0.03043173998594284,"w":-0.9350884556770325},"size":0.2928924560546875,"orthographic":false}