{"cameraMode":{"drawMode":0,"name":"Shaded","section":"Shading Mode"},"sceneLighting":false,"audioPlay":false,"sceneViewState":{"m_AlwaysRefresh":false,"showFog":true,"showSkybox":false,"showFlares":true,"showImageEffects":true,"showParticleSystems":true,"showVisualEffectGraphs":true,"m_FxEnabled":true},"in2DMode":false,"pivot":{"x":0.04355978965759277,"y":0.08798885345458985,"z":-0.17906692624092103},"rotation":{"x":-0.05952489376068115,"y":0.8345739245414734,"z":-0.09201425313949585,"w":-0.5398930311203003},"size":0.21088895201683045,"orthographic":false}