{"cameraMode":{"drawMode":0,"name":"Shaded","section":"Shading Mode"},"sceneLighting":false,"audioPlay":false,"sceneViewState":{"m_AlwaysRefresh":false,"showFog":true,"showSkybox":false,"showFlares":true,"showImageEffects":true,"showParticleSystems":true,"showVisualEffectGraphs":true,"m_FxEnabled":true},"in2DMode":false,"pivot":{"x":-0.01513931155204773,"y":-0.010907799005508423,"z":-0.011474788188934327},"rotation":{"x":-0.036016594618558887,"y":0.8754814267158508,"z":-0.06605791300535202,"w":-0.477368026971817},"size":0.8076750636100769,"orthographic":false}