{"cameraMode":{"drawMode":0,"name":"Shaded","section":"Shading Mode"},"sceneLighting":false,"audioPlay":false,"sceneViewState":{"m_AlwaysRefresh":false,"showFog":true,"showSkybox":false,"showFlares":true,"showImageEffects":true,"showParticleSystems":true,"showVisualEffectGraphs":true,"m_FxEnabled":false},"in2DMode":false,"pivot":{"x":-0.3114308714866638,"y":0.7922582626342773,"z":-0.2404211014509201},"rotation":{"x":-0.12845994532108308,"y":-0.5191302299499512,"z":0.07922594249248505,"w":-0.8413020968437195},"size":0.24493896961212159,"orthographic":false}