{"cameraMode":{"drawMode":0,"name":"Shaded","section":"Shading Mode"},"sceneLighting":false,"audioPlay":false,"sceneViewState":{"m_AlwaysRefresh":false,"showFog":true,"showSkybox":false,"showFlares":true,"showImageEffects":true,"showParticleSystems":true,"showVisualEffectGraphs":true,"m_FxEnabled":false},"in2DMode":false,"pivot":{"x":-0.0049573928117752079,"y":0.159031480550766,"z":0.00009503960609436035},"rotation":{"x":-0.3060930669307709,"y":-0.4578658938407898,"z":0.17153646051883698,"w":-0.816886842250824},"size":0.27343931794166567,"orthographic":false}