{"cameraMode":{"drawMode":0,"name":"Shaded","section":"Shading Mode"},"sceneLighting":false,"audioPlay":false,"sceneViewState":{"m_AlwaysRefresh":false,"showFog":true,"showSkybox":false,"showFlares":true,"showImageEffects":true,"showParticleSystems":true,"showVisualEffectGraphs":true,"m_FxEnabled":true},"in2DMode":false,"pivot":{"x":-0.2133997678756714,"y":0.442013680934906,"z":-0.0025648032315075399},"rotation":{"x":-0.008678789250552655,"y":-0.7070953845977783,"z":0.008727500215172768,"w":-0.7070780396461487},"size":0.3191680610179901,"orthographic":false}