{"cameraMode":{"drawMode":0,"name":"Shaded","section":"Shading Mode"},"sceneLighting":false,"audioPlay":false,"sceneViewState":{"m_AlwaysRefresh":false,"showFog":true,"showSkybox":false,"showFlares":true,"showImageEffects":true,"showParticleSystems":true,"showVisualEffectGraphs":true,"m_FxEnabled":true},"in2DMode":false,"pivot":{"x":1.5104384422302247,"y":0.33302512764930727,"z":0.9843003153800964},"rotation":{"x":-0.010645679198205471,"y":0.8841224908828735,"z":-0.020170584321022035,"w":-0.4667074978351593},"size":0.29648539423942568,"orthographic":false}