{"cameraMode":{"drawMode":0,"name":"Shaded","section":"Shading Mode"},"sceneLighting":true,"audioPlay":false,"sceneViewState":{"m_AlwaysRefresh":false,"showFog":true,"showSkybox":true,"showFlares":true,"showImageEffects":true,"showParticleSystems":true,"showVisualEffectGraphs":true,"m_FxEnabled":true},"in2DMode":false,"pivot":{"x":67.7105484008789,"y":30.556821823120118,"z":63.03936004638672},"rotation":{"x":0.049298565834760669,"y":0.3954092860221863,"z":0.02121044509112835,"w":-0.9169729351997376},"size":12.721674919128418,"orthographic":false}