{"cameraMode":{"drawMode":0,"name":"Shaded","section":"Shading Mode"},"sceneLighting":false,"audioPlay":false,"sceneViewState":{"m_AlwaysRefresh":false,"showFog":true,"showSkybox":false,"showFlares":true,"showImageEffects":true,"showParticleSystems":true,"showVisualEffectGraphs":true,"m_FxEnabled":true},"in2DMode":false,"pivot":{"x":5.960464477539063e-8,"y":0.12941978871822358,"z":1.4901161193847657e-8},"rotation":{"x":0.22113506495952607,"y":-0.6687551736831665,"z":0.2190243899822235,"w":0.6752012968063355},"size":0.31415775418281557,"orthographic":false}