{"cameraMode":{"drawMode":0,"name":"Shaded","section":"Shading Mode"},"sceneLighting":false,"audioPlay":false,"sceneViewState":{"m_AlwaysRefresh":false,"showFog":true,"showSkybox":false,"showFlares":true,"showImageEffects":true,"showParticleSystems":true,"showVisualEffectGraphs":true,"m_FxEnabled":true},"in2DMode":false,"pivot":{"x":-0.9605855941772461,"y":0.5049671530723572,"z":0.27529510855674746},"rotation":{"x":-0.016657046973705293,"y":-0.608709454536438,"z":-0.012785474769771099,"w":0.79311603307724},"size":1.4780588150024415,"orthographic":false}