{"cameraMode":{"drawMode":0,"name":"Shaded","section":"Shading Mode"},"sceneLighting":false,"audioPlay":false,"sceneViewState":{"m_AlwaysRefresh":false,"showFog":true,"showSkybox":false,"showFlares":true,"showImageEffects":true,"showParticleSystems":true,"showVisualEffectGraphs":true,"m_FxEnabled":false},"in2DMode":false,"pivot":{"x":-0.14241695404052735,"y":0.5399818420410156,"z":-0.027576744556427003},"rotation":{"x":-0.10861483216285706,"y":-0.4992843568325043,"z":0.06321413815021515,"w":-0.8573123216629028},"size":0.6688300371170044,"orthographic":false}