{"cameraMode":{"drawMode":0,"name":"Shaded","section":"Shading Mode"},"sceneLighting":false,"audioPlay":false,"sceneViewState":{"m_AlwaysRefresh":false,"showFog":true,"showSkybox":false,"showFlares":true,"showImageEffects":true,"showParticleSystems":true,"showVisualEffectGraphs":true,"m_FxEnabled":true},"in2DMode":false,"pivot":{"x":0.458407998085022,"y":0.23910555243492127,"z":0.1962604820728302},"rotation":{"x":-0.027734804898500444,"y":0.8862144947052002,"z":-0.05351289361715317,"w":-0.45934659242630007},"size":0.23792219161987306,"orthographic":false}