{"cameraMode":{"drawMode":0,"name":"Shaded","section":"Shading Mode"},"sceneLighting":false,"audioPlay":false,"sceneViewState":{"m_AlwaysRefresh":false,"showFog":true,"showSkybox":false,"showFlares":true,"showImageEffects":true,"showParticleSystems":true,"showVisualEffectGraphs":true,"m_FxEnabled":true},"in2DMode":false,"pivot":{"x":0.3693268895149231,"y":1.0176712274551392,"z":-1.7397842407226563},"rotation":{"x":0.04782666265964508,"y":0.08021926134824753,"z":-0.0038543834816664459,"w":0.9956220388412476},"size":0.4598320424556732,"orthographic":false}