{"cameraMode":{"drawMode":0,"name":"Shaded","section":"Shading Mode"},"sceneLighting":false,"audioPlay":false,"sceneViewState":{"m_AlwaysRefresh":false,"showFog":true,"showSkybox":false,"showFlares":true,"showImageEffects":true,"showParticleSystems":true,"showVisualEffectGraphs":true,"m_FxEnabled":false},"in2DMode":false,"pivot":{"x":-1.4901161193847657e-8,"y":0.20171652734279633,"z":1.4901161193847657e-8},"rotation":{"x":-0.3060930669307709,"y":-0.4578658938407898,"z":0.17153646051883698,"w":-0.816886842250824},"size":0.34496834874153139,"orthographic":false}