{"cameraMode":{"drawMode":0,"name":"Shaded","section":"Shading Mode"},"sceneLighting":false,"audioPlay":false,"sceneViewState":{"m_AlwaysRefresh":false,"showFog":true,"showSkybox":false,"showFlares":true,"showImageEffects":true,"showParticleSystems":true,"showVisualEffectGraphs":true,"m_FxEnabled":true},"in2DMode":false,"pivot":{"x":0.02367360144853592,"y":0.4116736054420471,"z":0.23867610096931458},"rotation":{"x":-0.015553131699562073,"y":-0.7299091219902039,"z":0.016681689769029619,"w":-0.6832380294799805},"size":0.4978931248188019,"orthographic":false}