{"cameraMode":{"drawMode":0,"name":"Shaded","section":"Shading Mode"},"sceneLighting":false,"audioPlay":false,"sceneViewState":{"m_AlwaysRefresh":false,"showFog":true,"showSkybox":false,"showFlares":true,"showImageEffects":true,"showParticleSystems":true,"showVisualEffectGraphs":true,"m_FxEnabled":false},"in2DMode":false,"pivot":{"x":0.008050233125686646,"y":0.15050503611564637,"z":0.008077181875705719},"rotation":{"x":-0.1953756958246231,"y":-0.5791321396827698,"z":0.1453866958618164,"w":-0.7780492305755615},"size":0.21088895201683045,"orthographic":false}