{"cameraMode":{"drawMode":0,"name":"Shaded","section":"Shading Mode"},"sceneLighting":false,"audioPlay":false,"sceneViewState":{"m_AlwaysRefresh":false,"showFog":true,"showSkybox":false,"showFlares":true,"showImageEffects":true,"showParticleSystems":true,"showVisualEffectGraphs":true,"m_FxEnabled":true},"in2DMode":false,"pivot":{"x":-0.18841300904750825,"y":-0.1303240805864334,"z":-0.3740159273147583},"rotation":{"x":0.0737302228808403,"y":-0.3618132174015045,"z":-0.028683552518486978,"w":-0.9289484024047852},"size":0.17764592170715333,"orthographic":false}