{"cameraMode":{"drawMode":0,"name":"Shaded","section":"Shading Mode"},"sceneLighting":false,"audioPlay":false,"sceneViewState":{"m_AlwaysRefresh":false,"showFog":true,"showSkybox":false,"showFlares":true,"showImageEffects":true,"showParticleSystems":true,"showVisualEffectGraphs":true,"m_FxEnabled":true},"in2DMode":false,"pivot":{"x":1.2656073570251465,"y":1.6806674003601075,"z":0.8323239684104919},"rotation":{"x":-0.06827381998300553,"y":0.8709669709205627,"z":-0.12656979262828828,"w":-0.4698343873023987},"size":0.6076304912567139,"orthographic":false}