{"cameraMode":{"drawMode":0,"name":"Shaded","section":"Shading Mode"},"sceneLighting":false,"audioPlay":false,"sceneViewState":{"m_AlwaysRefresh":false,"showFog":true,"showSkybox":false,"showFlares":true,"showImageEffects":true,"showParticleSystems":true,"showVisualEffectGraphs":true,"m_FxEnabled":true},"in2DMode":false,"pivot":{"x":-0.12224340438842774,"y":0.22706475853919984,"z":-2.9802322387695315e-8},"rotation":{"x":0.04022228345274925,"y":0.9161728620529175,"z":-0.09516451507806778,"w":0.38724157214164736},"size":0.35726070404052737,"orthographic":false}