{"cameraMode":{"drawMode":0,"name":"Shaded","section":"Shading Mode"},"sceneLighting":false,"audioPlay":false,"sceneViewState":{"m_AlwaysRefresh":false,"showFog":true,"showSkybox":false,"showFlares":true,"showImageEffects":true,"showParticleSystems":true,"showVisualEffectGraphs":true,"m_FxEnabled":true},"in2DMode":false,"pivot":{"x":0.14259424805641175,"y":0.6485666632652283,"z":0.29300642013549807},"rotation":{"x":0.025423957034945489,"y":0.07580088824033737,"z":-0.0019342327723279596,"w":0.9967974424362183},"size":0.6076304912567139,"orthographic":false}