{"cameraMode":{"drawMode":0,"name":"Shaded","section":"Shading Mode"},"sceneLighting":false,"audioPlay":false,"sceneViewState":{"m_AlwaysRefresh":false,"showFog":true,"showSkybox":false,"showFlares":true,"showImageEffects":true,"showParticleSystems":true,"showVisualEffectGraphs":true,"m_FxEnabled":true},"in2DMode":false,"pivot":{"x":0.6433590650558472,"y":0.6719278693199158,"z":-0.013917427510023117},"rotation":{"x":0.12786097824573518,"y":-0.6705231666564941,"z":0.1188998818397522,"w":0.7210538983345032},"size":0.4235779345035553,"orthographic":false}