{"cameraMode":{"drawMode":0,"name":"Shaded","section":"Shading Mode"},"sceneLighting":false,"audioPlay":false,"sceneViewState":{"m_AlwaysRefresh":false,"showFog":true,"showSkybox":false,"showFlares":true,"showImageEffects":true,"showParticleSystems":true,"showVisualEffectGraphs":true,"m_FxEnabled":false},"in2DMode":false,"pivot":{"x":0.0345899760723114,"y":0.20083726942539216,"z":0.023732557892799379},"rotation":{"x":-0.2381359040737152,"y":-0.4679253399372101,"z":0.1325044184923172,"w":-0.8407393097877502},"size":0.21441493928432465,"orthographic":false}