{"cameraMode":{"drawMode":0,"name":"Shaded","section":"Shading Mode"},"sceneLighting":false,"audioPlay":false,"sceneViewState":{"m_AlwaysRefresh":false,"showFog":true,"showSkybox":false,"showFlares":true,"showImageEffects":true,"showParticleSystems":true,"showVisualEffectGraphs":true,"m_FxEnabled":true},"in2DMode":false,"pivot":{"x":1.1587121486663819,"y":-5.240002155303955,"z":18.208383560180665},"rotation":{"x":-0.1377948373556137,"y":-0.033575400710105899,"z":0.004723779391497374,"w":-0.989934504032135},"size":10.022516250610352,"orthographic":false}