{"cameraMode":{"drawMode":0,"name":"Shaded","section":"Shading Mode"},"sceneLighting":false,"audioPlay":false,"sceneViewState":{"m_AlwaysRefresh":false,"showFog":true,"showSkybox":false,"showFlares":true,"showImageEffects":true,"showParticleSystems":true,"showVisualEffectGraphs":true,"m_FxEnabled":true},"in2DMode":false,"pivot":{"x":-0.6225509643554688,"y":1.0088536739349366,"z":0.5416927337646484},"rotation":{"x":0.0003090492682531476,"y":-0.9974335432052612,"z":0.004489507060497999,"w":0.07164980471134186},"size":1.0564711093902588,"orthographic":false}