{"cameraMode":{"drawMode":0,"name":"Shaded","section":"Shading Mode"},"sceneLighting":false,"audioPlay":false,"sceneViewState":{"m_AlwaysRefresh":false,"showFog":true,"showSkybox":false,"showFlares":true,"showImageEffects":true,"showParticleSystems":true,"showVisualEffectGraphs":true,"m_FxEnabled":false},"in2DMode":false,"pivot":{"x":0.04670822620391846,"y":0.3703584671020508,"z":0.049229830503463748},"rotation":{"x":-0.2599482238292694,"y":-0.4545597732067108,"z":0.14058734476566316,"w":-0.8402978777885437},"size":0.3993896245956421,"orthographic":false}