{"cameraMode":{"drawMode":0,"name":"Shaded","section":"Shading Mode"},"sceneLighting":false,"audioPlay":false,"sceneViewState":{"m_AlwaysRefresh":false,"showFog":true,"showSkybox":false,"showFlares":true,"showImageEffects":true,"showParticleSystems":true,"showVisualEffectGraphs":true,"m_FxEnabled":true},"in2DMode":false,"pivot":{"x":0.5940583348274231,"y":0.4455910921096802,"z":-0.05091239511966705},"rotation":{"x":-0.02287074364721775,"y":0.7263655662536621,"z":-0.02420826628804207,"w":-0.6865131855010986},"size":0.24493898451328278,"orthographic":false}